"","Sequence","N_term_cleavage_window","C_term_cleavage_window","Amino_acid_before","First_amino_acid","Second_amino_acid","Second_last_amino_acid","Last_amino_acid","Amino_acid_after","A_Count","R_Count","N_Count","D_Count","C_Count","Q_Count","E_Count","G_Count","H_Count","I_Count","L_Count","K_Count","M_Count","F_Count","P_Count","S_Count","T_Count","W_Count","Y_Count","V_Count","U_Count","Length","Missed_cleavages","Mass","Proteins","Leading_razor_protein","Start_position","End_position","Unique_Groups","Unique_Proteins","Charges","PEP","Score","Identification_type_C_R1","Identification_type_C_R2","Identification_type_C_R3","Identification_type_D_R1","Identification_type_D_R2","Identification_type_D_R3","Experiment_C_R1","Experiment_C_R2","Experiment_C_R3","Experiment_D_R1","Experiment_D_R2","Experiment_D_R3","Intensity","Intensity_C_R1","Intensity_C_R2","Intensity_C_R3","Intensity_D_R1","Intensity_D_R2","Intensity_D_R3","Reverse","Potential_contaminant","id","Protein_group_IDs","Mod_peptide_IDs","Evidence_IDs","MS_MS_IDs","Best_MS_MS","Oxidation_M_site_IDs","MS_MS_Count","metacell_Intensity_C_R1","metacell_Intensity_C_R2","metacell_Intensity_C_R3","metacell_Intensity_D_R1","metacell_Intensity_D_R2","metacell_Intensity_D_R3"
"0","AAAAQDEITGDGTTTVVCIVGEIIR","PTAVIIARAAAAQDEI","CIVGEIIRQAHRFIQE","R","A","A","I","R","Q",4,1,0,2,1,1,2,3,0,4,0,0,0,0,0,0,4,0,0,3,0,25,0,2559.285,"P39079","sp|P39079|TCPZ_YEAST",79,103,"yes","yes","2;3",2.4684e-25,114.15,"By MS/MS","By MS/MS","By matching","By MS/MS","By MS/MS","By MS/MS",1,2,NA,2,2,2,153490000,29524000,29436000,0,37561000,33460000,23513000,"","",0,"1210","0","0;1;2;3;4;5;6;7;8","0;1;2;3;4;5;6;7",6,"",8,"Quant. by direct id","Quant. by direct id","Missing POV","Quant. by direct id","Quant. by direct id","Quant. by direct id"
"1","AAADAISDIEIK","MPKETPSKAAADAISD","AISDIEIKDSKSNINK","K","A","A","I","K","D",4,0,0,2,0,0,1,0,0,3,0,1,0,0,0,1,0,0,0,0,0,12,0,1215.6347,"P09938","sp|P09938|RIR2_YEAST",9,20,"yes","yes","2",0.00018883,63.662,"By MS/MS","By MS/MS","By MS/MS","By MS/MS","By MS/MS","By MS/MS",1,1,1,1,1,1,133190000,28134000,23249000,19923000,22472000,20529000,18878000,"","",1,"254","1","9;10;11;12;13;14","8;9;10;11;12;13",8,"",4,"Quant. by direct id","Quant. by direct id","Quant. by direct id","Quant. by direct id","Quant. by direct id","Quant. by direct id"
"2","AAADAISDIEIKDSK","MPKETPSKAAADAISD","DIEIKDSKSNINKEIE","K","A","A","S","K","S",4,0,0,3,0,0,1,0,0,3,0,2,0,0,0,2,0,0,0,0,0,15,1,1545.7886,"P09938","sp|P09938|RIR2_YEAST",9,23,"yes","yes","3",2.774e-06,93.237,"By matching","By MS/MS","By MS/MS","By MS/MS","By MS/MS","By MS/MS",1,1,1,1,1,1,136500000,24922000,21710000,21615000,24181000,22307000,21765000,"","",2,"254","2","15;16;17;18;19;20","14;15;16;17;18",14,"",5,"Quant. by recovery","Quant. by direct id","Quant. by direct id","Quant. by direct id","Quant. by direct id","Quant. by direct id"
"3","AAAEEQAKR","IGINEAKKAAAEEQAK","AAEEQAKRISGGEAGV","K","A","A","K","R","I",4,1,0,0,0,1,2,0,0,0,0,1,0,0,0,0,0,0,0,0,0,9,1,972.49886,"P24276","sp|P24276|SSD1_YEAST",173,181,"yes","yes","1",0.086871,32.47,"By matching","By MS/MS","By matching","By matching","By matching","By matching",NA,1,NA,NA,NA,NA,1031000,0,1031000,0,0,0,0,"","",3,"534","3","21","19",19,"",0,"Missing POV","Quant. by direct id","Missing POV","Missing MEC","Missing MEC","Missing MEC"
"4","AAAEGVANIHIDEATGEMVSK","MSQQDNVKAAAEGVAN","ATGEMVSKSEIKKRIK","K","A","A","S","K","S",5,0,1,1,0,0,3,2,1,2,0,1,1,0,0,1,1,0,0,2,0,21,0,2112.0157,"P15180","sp|P15180|SYKC_YEAST",9,29,"yes","yes","3",0.00074495,40.622,"By MS/MS","By MS/MS","By matching","By MS/MS","By MS/MS","By MS/MS",1,1,1,1,1,1,119240000,23464000,18209000,23284000,17831000,15288000,21161000,"","",4,"364","4","22;23;24;25;26;27","20;21;22;23;24",21,"",1,"Quant. by direct id","Quant. by direct id","Quant. by recovery","Quant. by direct id","Quant. by direct id","Quant. by direct id"
"5","AAAEYEKGEYETAISTINDAVEQGR","DITYINNRAAAEYEKG","NDAVEQGREMRADYKV","R","A","A","G","R","E",5,1,1,1,0,1,5,2,0,2,0,1,0,0,0,1,2,0,2,1,0,25,1,2714.2671,"P15705","sp|P15705|STI1_YEAST",302,326,"yes","yes","3",7.0537e-31,120.63,"By MS/MS","By MS/MS","By MS/MS","By MS/MS","By MS/MS","By MS/MS",1,1,1,1,1,1,148530000,24347000,23615000,22708000,25557000,29942000,22358000,"","",5,"379","5","28;29;30;31;32;33","25;26;27;28;29;30;31;32;33;34;35;36;37;38",36,"",14,"Quant. by direct id","Quant. by direct id","Quant. by direct id","Quant. by direct id","Quant. by direct id","Quant. by direct id"
"6","AAAHSSIKEYDQAVK","NAIYYANRAAAHSSIK","KEYDQAVKDAESAISI","R","A","A","V","K","D",4,0,0,1,0,1,1,0,1,1,0,2,0,0,0,2,0,0,1,1,0,15,1,1616.8158,"Q12118","sp|Q12118|SGT2_YEAST",143,157,"yes","yes","3;4",9.0252e-05,74.649,"By matching","By matching","By MS/MS","By matching","By matching","By matching",2,1,2,2,1,1,15772000,1381400,367660,11516000,1197000,649310,660950,"","",6,"2232","6","34;35;36;37;38;39;40;41;42","39;40",39,"",2,"Quant. by recovery","Quant. by recovery","Quant. by direct id","Quant. by recovery","Quant. by recovery","Quant. by recovery"
"7","AAAPGIQIVAGEGFQSPIEDR","YRAGAIRKAAAPGIQI","FQSPIEDRFTASTFTA","K","A","A","D","R","F",4,1,0,1,0,2,2,3,0,3,0,0,0,1,2,1,0,0,0,1,0,21,0,2125.0804,"Q04697","sp|Q04697|GSF2_YEAST",286,306,"yes","yes","2;3",1.8284e-11,78.674,"By MS/MS","By MS/MS","By MS/MS","By MS/MS","By MS/MS","By MS/MS",2,2,2,2,2,2,137190000,21831000,23639000,24055000,26948000,20690000,20022000,"","",7,"1987","7","43;44;45;46;47;48;49;50;51;52;53;54","41;42;43;44;45;46;47;48;49;50;51;52;53;54;55;56;57;58;59",58,"",19,"Quant. by direct id","Quant. by direct id","Quant. by direct id","Quant. by direct id","Quant. by direct id","Quant. by direct id"
"8","AAAPTVVFIDEIDSIAK","RDIFDKARAAAPTVVF","DEIDSIAKARGGSIGD","R","A","A","A","K","A",4,0,0,2,0,0,1,0,0,3,0,1,0,1,1,1,1,0,0,2,0,17,0,1758.9404,"P25694","sp|P25694|CDC48_YEAST",578,594,"yes","yes","2;3",1.2812e-10,111.34,"By MS/MS","By MS/MS","By MS/MS","By MS/MS","By MS/MS","By MS/MS",2,2,2,2,2,2,852710000,125400000,126390000,141890000,145130000,152030000,161860000,"","",8,"599","8","55;56;57;58;59;60;61;62;63;64;65;66","60;61;62;63;64;65;66;67;68;69;70;71;72;73;74;75;76;77;78;79;80;81;82;83;84;85;86;87;88;89;90;91;92;93;94;95;96;97;98;99;100;101;102",94,"",43,"Quant. by direct id","Quant. by direct id","Quant. by direct id","Quant. by direct id","Quant. by direct id","Quant. by direct id"
"9","AACIVQNGIATWFPIAVTK","RIVSEISKAACIVQNG","WFPIAVTKIIYICSEP","K","A","A","T","K","I",4,0,1,0,1,1,0,1,0,3,0,1,0,1,1,0,2,1,0,2,0,19,0,2059.0925,"P33892","sp|P33892|GCN1_YEAST",830,848,"yes","yes","2;3",0.0014319,36.744,"By MS/MS","By MS/MS","By matching","By MS/MS","By MS/MS","By MS/MS",1,1,NA,1,1,1,21378000,2665900,2190200,0,3750600,3680100,9091600,"","",9,"858","9","67;68;69;70;71","103;104;105;106;107;108",103,"",6,"Quant. by direct id","Quant. by direct id","Missing POV","Quant. by direct id","Quant. by direct id","Quant. by direct id"
